site,title,link,city,organization,note,salary_min,salary_max,salary_currency
HeadHanter,Python-разработчик в R&D отдел,https://vladivostok.hh.ru/vacancy/72687478?from=vacancy_search_list&query=%D0%A0%D0%B0%D0%B7%D1%80%D0%B0%D0%B1%D0%BE%D1%82%D1%87%D0%B8%D0%BA+Python,Москва,ООО Селфсек,,100 000,150 000,руб.
HeadHanter,Программист Python,https://vladivostok.hh.ru/vacancy/76331573?from=vacancy_search_list&query=%D0%A0%D0%B0%D0%B7%D1%80%D0%B0%D0%B1%D0%BE%D1%82%D1%87%D0%B8%D0%BA+Python,Санкт-Петербург,Парконика,,90 000,,руб.
HeadHanter,Python разработчик (Django),https://vladivostok.hh.ru/vacancy/76661153?from=vacancy_search_list&query=%D0%A0%D0%B0%D0%B7%D1%80%D0%B0%D0%B1%D0%BE%D1%82%D1%87%D0%B8%D0%BA+Python,Санкт-Петербург,Stik,,40 000,60 000,руб.
HeadHanter,Программист Python,https://vladivostok.hh.ru/vacancy/76785097?from=vacancy_search_list&query=%D0%A0%D0%B0%D0%B7%D1%80%D0%B0%D0%B1%D0%BE%D1%82%D1%87%D0%B8%D0%BA+Python,Москва,Enjoypro,Можно из дома,,240 000,руб.
HeadHanter,Senior Python developer (Django),https://vladivostok.hh.ru/vacancy/76821518?from=vacancy_search_list&query=%D0%A0%D0%B0%D0%B7%D1%80%D0%B0%D0%B1%D0%BE%D1%82%D1%87%D0%B8%D0%BA+Python,Турция,evrone.ru,Можно из дома,,450 000,руб.
HeadHanter,Middle Python Developer,https://vladivostok.hh.ru/vacancy/76820856?from=vacancy_search_list&query=%D0%A0%D0%B0%D0%B7%D1%80%D0%B0%D0%B1%D0%BE%D1%82%D1%87%D0%B8%D0%BA+Python,Москва,Филиал компании Лист Ренталс Лимитед,,2 000,4 000,USD
HeadHanter,Разработчик Python,https://vladivostok.hh.ru/vacancy/76433537?from=vacancy_search_list&query=%D0%A0%D0%B0%D0%B7%D1%80%D0%B0%D0%B1%D0%BE%D1%82%D1%87%D0%B8%D0%BA+Python,Москва,Платежный сервис А3,,150 000,,руб.
HeadHanter,Python разработчик на внутренний проект (удалённо),https://vladivostok.hh.ru/vacancy/77013948?from=vacancy_search_list&query=%D0%A0%D0%B0%D0%B7%D1%80%D0%B0%D0%B1%D0%BE%D1%82%D1%87%D0%B8%D0%BA+Python,Москва,ГК Медси. Управляющая компания,Можно из дома,180 000,250 000,руб.
HeadHanter,Python Engineer,https://vladivostok.hh.ru/vacancy/76983666?from=vacancy_search_list&query=%D0%A0%D0%B0%D0%B7%D1%80%D0%B0%D0%B1%D0%BE%D1%82%D1%87%D0%B8%D0%BA+Python,Баку,ТРТ,Можно из дома,3 000,6 500,USD
HeadHanter,Разработчик Python (искусственный интеллект),https://vladivostok.hh.ru/vacancy/77038946?from=vacancy_search_list&query=%D0%A0%D0%B0%D0%B7%D1%80%D0%B0%D0%B1%D0%BE%D1%82%D1%87%D0%B8%D0%BA+Python,Москва,Корпорация ЭЛАР,Можно из дома,,,
HeadHanter,Программист Python (middle),https://vladivostok.hh.ru/vacancy/75719539?from=vacancy_search_list&query=%D0%A0%D0%B0%D0%B7%D1%80%D0%B0%D0%B1%D0%BE%D1%82%D1%87%D0%B8%D0%BA+Python,Орел,Pentestit,Можно из дома,70 000,105 000,руб.
HeadHanter,Middle Backend Python Developer,https://vladivostok.hh.ru/vacancy/76042812?from=vacancy_search_list&query=%D0%A0%D0%B0%D0%B7%D1%80%D0%B0%D0%B1%D0%BE%D1%82%D1%87%D0%B8%D0%BA+Python,Алматы,ТОО Зина Групп,,1 000 000,,KZT
HeadHanter,Middle Python developer (Казань),https://vladivostok.hh.ru/vacancy/76115939?from=vacancy_search_list&query=%D0%A0%D0%B0%D0%B7%D1%80%D0%B0%D0%B1%D0%BE%D1%82%D1%87%D0%B8%D0%BA+Python,Казань,ООО Колл-Тулз,,160 000,,руб.
HeadHanter,Python разработчик (удалённо),https://vladivostok.hh.ru/vacancy/75955276?from=vacancy_search_list&query=%D0%A0%D0%B0%D0%B7%D1%80%D0%B0%D0%B1%D0%BE%D1%82%D1%87%D0%B8%D0%BA+Python,Москва,ГК Медси. Управляющая компания,Можно из дома,180 000,250 000,руб.
HeadHanter,Разработчик Python,https://vladivostok.hh.ru/vacancy/77090228?from=vacancy_search_list&query=%D0%A0%D0%B0%D0%B7%D1%80%D0%B0%D0%B1%D0%BE%D1%82%D1%87%D0%B8%D0%BA+Python,Москва,3LOGIC GROUP,Можно из дома,,,
HeadHanter,Разработчик Python,https://vladivostok.hh.ru/vacancy/51472686?from=vacancy_search_list&query=%D0%A0%D0%B0%D0%B7%D1%80%D0%B0%D0%B1%D0%BE%D1%82%D1%87%D0%B8%D0%BA+Python,Владимир,ООО ЭлРос,,,,
HeadHanter,Разработчик бэкэнд (Python),https://vladivostok.hh.ru/vacancy/76712573?from=vacancy_search_list&query=%D0%A0%D0%B0%D0%B7%D1%80%D0%B0%D0%B1%D0%BE%D1%82%D1%87%D0%B8%D0%BA+Python,Москва,АНО Инфокультура,,150 000,180 000,руб.
HeadHanter,Разработчик (Backend developer / Python),https://vladivostok.hh.ru/vacancy/76447915?from=vacancy_search_list&query=%D0%A0%D0%B0%D0%B7%D1%80%D0%B0%D0%B1%D0%BE%D1%82%D1%87%D0%B8%D0%BA+Python,Тюмень,ООО Статус,Можно из дома,100 000,,руб.
HeadHanter,Backend-разработчик / Python developer,https://vladivostok.hh.ru/vacancy/76358462?from=vacancy_search_list&query=%D0%A0%D0%B0%D0%B7%D1%80%D0%B0%D0%B1%D0%BE%D1%82%D1%87%D0%B8%D0%BA+Python,Воронеж,ООО Эктострой,,100 000,200 000,руб.
HeadHanter,Python developer,https://vladivostok.hh.ru/vacancy/77107980?from=vacancy_search_list&query=%D0%A0%D0%B0%D0%B7%D1%80%D0%B0%D0%B1%D0%BE%D1%82%D1%87%D0%B8%D0%BA+Python,Санкт-Петербург,ООО Subtotal,Откликнитесь среди первых,120 000,240 000,руб.
SuperJob,IOS/QT developer,https://www.superjob.ru/vakansii/ios-45722326.html,Новосибирск,КонсалтПро,Удаленная работа,400000,— 420000,₽
SuperJob,Инженер-программист (специалист по работе с МИС Самсон),https://www.superjob.ru/vakansii/inzhener-programmist-45317963.html,Санкт-Петербург,СПб ГБУЗ Городская поликлиника № 38,Удаленная работа,50000,— 60000,₽
SuperJob,Разработчик Web и приложений,https://www.superjob.ru/vakansii/razrabotchik-web-i-prilozhenij-45154132.html,Владивосток,ФГБОУ ВО ТГМУ Минздрава России,,80000,— 100000,₽
SuperJob,Fullstack веб-разработчик middle (удаленно),https://www.superjob.ru/vakansii/fullstack-veb-razrabotchik-middle-45608544.html,Томск,,Отклик без резюме,40000,,₽
SuperJob,Специалист службы поддержки с техническими знаниями,https://www.superjob.ru/vakansii/specialist-sluzhby-podderzhki-s-tehnicheskimi-znaniyami-45455046.html,Липецк,Яндекс,Опыт не нужен,15000,,₽
SuperJob,Специалист службы поддержки с техническими знаниями,https://www.superjob.ru/vakansii/specialist-sluzhby-podderzhki-s-tehnicheskimi-znaniyami-45455040.html,Новокузнецк,Яндекс,Опыт не нужен,15000,,₽
SuperJob,Специалист службы поддержки с техническими знаниями,https://www.superjob.ru/vakansii/specialist-sluzhby-podderzhki-s-tehnicheskimi-znaniyami-45455041.html,Рязань,Яндекс,Опыт не нужен,15000,,₽
SuperJob,Специалист службы поддержки с техническими знаниями,https://www.superjob.ru/vakansii/specialist-sluzhby-podderzhki-s-tehnicheskimi-znaniyami-45455042.html,Набережные Челны,Яндекс,Опыт не нужен,15000,,₽
SuperJob,Специалист службы поддержки с техническими знаниями,https://www.superjob.ru/vakansii/specialist-sluzhby-podderzhki-s-tehnicheskimi-znaniyami-45455043.html,Астрахань,Яндекс,Опыт не нужен,15000,,₽
SuperJob,Специалист службы поддержки с техническими знаниями,https://www.superjob.ru/vakansii/specialist-sluzhby-podderzhki-s-tehnicheskimi-znaniyami-45455044.html,Пенза,Яндекс,Опыт не нужен,15000,,₽
SuperJob,Специалист службы поддержки с техническими знаниями,https://www.superjob.ru/vakansii/specialist-sluzhby-podderzhki-s-tehnicheskimi-znaniyami-45455045.html,Киров (Кировская область),Яндекс,Опыт не нужен,15000,,₽
SuperJob,Специалист службы поддержки с техническими знаниями,https://www.superjob.ru/vakansii/specialist-sluzhby-podderzhki-s-tehnicheskimi-znaniyami-45455049.html,Калининград,Яндекс,Опыт не нужен,15000,,₽
SuperJob,Специалист службы поддержки с техническими знаниями,https://www.superjob.ru/vakansii/specialist-sluzhby-podderzhki-s-tehnicheskimi-znaniyami-45455047.html,Балашиха,Яндекс,Опыт не нужен,15000,,₽
SuperJob,Специалист службы поддержки с техническими знаниями,https://www.superjob.ru/vakansii/specialist-sluzhby-podderzhki-s-tehnicheskimi-znaniyami-45455048.html,Чебоксары,Яндекс,Опыт не нужен,15000,,₽
SuperJob,Специалист службы поддержки с техническими знаниями,https://www.superjob.ru/vakansii/specialist-sluzhby-podderzhki-s-tehnicheskimi-znaniyami-45455038.html,Оренбург,Яндекс,Опыт не нужен,15000,,₽
SuperJob,Специалист службы поддержки с техническими знаниями,https://www.superjob.ru/vakansii/specialist-sluzhby-podderzhki-s-tehnicheskimi-znaniyami-45455050.html,Тула,Яндекс,Опыт не нужен,15000,,₽
SuperJob,Специалист службы поддержки с техническими знаниями,https://www.superjob.ru/vakansii/specialist-sluzhby-podderzhki-s-tehnicheskimi-znaniyami-45455051.html,Курск,Яндекс,Опыт не нужен,15000,,₽
SuperJob,Специалист службы поддержки с техническими знаниями,https://www.superjob.ru/vakansii/specialist-sluzhby-podderzhki-s-tehnicheskimi-znaniyami-45455052.html,Ставрополь,Яндекс,Опыт не нужен,15000,,₽
SuperJob,Специалист службы поддержки с техническими знаниями,https://www.superjob.ru/vakansii/specialist-sluzhby-podderzhki-s-tehnicheskimi-znaniyami-45455053.html,Севастополь,Яндекс,Опыт не нужен,15000,,₽
SuperJob,Специалист службы поддержки с техническими знаниями,https://www.superjob.ru/vakansii/specialist-sluzhby-podderzhki-s-tehnicheskimi-znaniyami-45455054.html,Сочи,Яндекс,Опыт не нужен,15000,,₽
SuperJob,Специалист службы поддержки с техническими знаниями,https://www.superjob.ru/vakansii/specialist-sluzhby-podderzhki-s-tehnicheskimi-znaniyami-45455039.html,Кемерово,Яндекс,Опыт не нужен,15000,,₽
SuperJob,Специалист службы поддержки с техническими знаниями,https://www.superjob.ru/vakansii/specialist-sluzhby-podderzhki-s-tehnicheskimi-znaniyami-45455036.html,Махачкала,Яндекс,Опыт не нужен,15000,,₽
SuperJob,Специалист службы поддержки с техническими знаниями,https://www.superjob.ru/vakansii/specialist-sluzhby-podderzhki-s-tehnicheskimi-znaniyami-45455037.html,Томск,Яндекс,Опыт не нужен,15000,,₽
SuperJob,Специалист службы поддержки с техническими знаниями (Браузер),https://www.superjob.ru/vakansii/specialist-sluzhby-podderzhki-s-tehnicheskimi-znaniyami-39820461.html,Владивосток,Яндекс,Удаленная работа,15000,,₽
SuperJob,Специалист службы поддержки (с техническими знаниями),https://www.superjob.ru/vakansii/specialist-sluzhby-podderzhki-37984552.html,Владивосток,Яндекс,Отклик без резюме,15000,,₽
SuperJob,Специалист службы поддержки с техническими знаниями,https://www.superjob.ru/vakansii/specialist-sluzhby-podderzhki-s-tehnicheskimi-znaniyami-45454613.html,Владивосток,Яндекс,Опыт не нужен,15000,,₽
SuperJob,Специалист службы поддержки (Яндекс.Поиск),https://www.superjob.ru/vakansii/specialist-sluzhby-podderzhki-45402346.html,Владивосток,Яндекс,Опыт не нужен,15000,,₽
SuperJob,Специалист службы поддержки с техническими знаниями (Контест),https://www.superjob.ru/vakansii/specialist-sluzhby-podderzhki-s-tehnicheskimi-znaniyami-39678306.html,Владивосток,Яндекс,Удаленная работа,15000,,₽
SuperJob,Специалист службы поддержки (с техническими знаниями),https://www.superjob.ru/vakansii/specialist-sluzhby-podderzhki-45401744.html,Владивосток,Яндекс,Опыт не нужен,15000,,₽
SuperJob,Специалист службы поддержки с техническими знаниями / Волкер,https://www.superjob.ru/vakansii/specialist-sluzhby-podderzhki-s-tehnicheskimi-znaniyami-39817525.html,Владивосток,Яндекс,Удаленная работа,15000,,₽
SuperJob,Специалист службы поддержки с техническими знаниями (TOOLS),https://www.superjob.ru/vakansii/specialist-sluzhby-podderzhki-s-tehnicheskimi-znaniyami-39819487.html,Владивосток,Яндекс,Удаленная работа,15000,,₽
SuperJob,Специалист службы поддержки с техническими знаниями,https://www.superjob.ru/vakansii/specialist-sluzhby-podderzhki-s-tehnicheskimi-znaniyami-45455035.html,Владивосток,Яндекс,Опыт не нужен,15000,,₽
SuperJob,Специалист службы поддержки с техническими знаниями,https://www.superjob.ru/vakansii/specialist-sluzhby-podderzhki-s-tehnicheskimi-znaniyami-45455028.html,Тольятти,Яндекс,Опыт не нужен,15000,,₽
SuperJob,Специалист службы поддержки с техническими знаниями,https://www.superjob.ru/vakansii/specialist-sluzhby-podderzhki-s-tehnicheskimi-znaniyami-45455029.html,Ижевск,Яндекс,Опыт не нужен,15000,,₽
SuperJob,Специалист службы поддержки с техническими знаниями,https://www.superjob.ru/vakansii/specialist-sluzhby-podderzhki-s-tehnicheskimi-znaniyami-45455030.html,Барнаул,Яндекс,Опыт не нужен,15000,,₽
SuperJob,Специалист службы поддержки с техническими знаниями,https://www.superjob.ru/vakansii/specialist-sluzhby-podderzhki-s-tehnicheskimi-znaniyami-45455031.html,Ульяновск,Яндекс,Опыт не нужен,15000,,₽
SuperJob,Специалист службы поддержки с техническими знаниями,https://www.superjob.ru/vakansii/specialist-sluzhby-podderzhki-s-tehnicheskimi-znaniyami-45455032.html,Иркутск,Яндекс,Опыт не нужен,15000,,₽
SuperJob,Специалист службы поддержки с техническими знаниями,https://www.superjob.ru/vakansii/specialist-sluzhby-podderzhki-s-tehnicheskimi-znaniyami-45455033.html,Хабаровск,Яндекс,Опыт не нужен,15000,,₽
SuperJob,Специалист службы поддержки с техническими знаниями,https://www.superjob.ru/vakansii/specialist-sluzhby-podderzhki-s-tehnicheskimi-znaniyami-45455034.html,Ярославль,Яндекс,Опыт не нужен,15000,,₽
SuperJob,Специалист службы поддержки с техническими знаниями,https://www.superjob.ru/vakansii/specialist-sluzhby-podderzhki-s-tehnicheskimi-znaniyami-45455055.html,Улан-Удэ,Яндекс,Опыт не нужен,15000,,₽
